use Banque;

insert into `Motif` (libelle, justificatifs)
values ('Conseillé indisponible', 'Être un conseillé bancaire.'),
       ('Création d''un compte courant',
        'Une pièce d''identité valide (CNI, Passeports, ...), un justificatif de domicile de moins de 12 mois et un justificatif de revenus de moins de 3 mois.'),
       ('Modification d''un compte courant',
        'Une pièce d''identité valide (CNI, Passeports, ...).'),
       ('Suppression d''un compte courant',
        'Une pièce d''identité valide (CNI, Passeports, ...).'),
       ('Création d''un compte épargne',
        'Une pièce d''identité valide (CNI, Passeports, ...), un justificatif de domicile de moins de 12 mois et un justificatif de revenus de moins de 3 mois.'),
       ('Modification d''un compte épargne',
        'Une pièce d''identité valide (CNI, Passeports, ...).'),
       ('Suppression d''un compte épargne',
        'Une pièce d''identité valide (CNI, Passeports, ...).'),
       ('Création d''un compte-titres ordinaire',
        'Une pièce d''identité valide (CNI, Passeports, ...), un justificatif de domicile de moins de 12 mois et un justificatif de revenus de moins de 3 mois.'),
       ('Modification d''un compte-titres ordinaire',
        'Une pièce d''identité valide (CNI, Passeports, ...).'),
       ('Suppression d''un compte-titres ordinaire',
        'Une pièce d''identité valide (CNI, Passeports, ...).'),
       ('Création d''un PEA',
        'Une pièce d\identité valide (CNI, Passeports, ...), un justificatif de domicile de moins de 3 mois et un versement initial de 100€.'),
       ('Modification d''un PEA',
        'Une pièce d''identité valide (CNI, Passeports, ...).'),
       ('Suppression d''un PEA',
        'Une pièce d''identité valide (CNI, Passeports, ...).'),
       ('Création d''un PEL',
        'Une pièce d\identité valide (CNI, Passeports, ...), un justificatif de domicile de moins de 3 mois et un versement initial de 225€.'),
       ('Modification d''un PEL',
        'Une pièce d''identité valide (CNI, Passeports, ...).'),
       ('Suppression d''un PEL',
        'Une pièce d''identité valide (CNI, Passeports, ...).'),
       ('Création d''un livret A',
        'Une pièce d''identité valide (CNI, Passeports, ...).'),
       ('Modification d''un livret A',
        'Une pièce d''identité valide (CNI, Passeports, ...).'),
       ('Suppression d''un livret A',
        'Une pièce d''identité valide (CNI, Passeports, ...).'),
       ('Création d''un livret jeune',
        'Une pièce d''identité valide (CNI, Passeports, ...).'),
       ('Modification d''un livret jeune',
        'Une pièce d''identité valide (CNI, Passeports, ...).'),
       ('Suppression d''un livret jeune',
        'Une pièce d''identité valide (CNI, Passeports, ...).'),
       ('Création d''un plan retraite',
        'Une pièce d''identité valide (CNI, Passeports, ...), un justificatif de revenus de moins de 3 mois et un justificatif de domicile de moins de 12 mois.'),
       ('Modification d''un plan retraite',
        'Une pièce d''identité valide (CNI, Passeports, ...).'),
       ('Suppression d''un plan retraite',
        'Une pièce d''identité valide (CNI, Passeports, ...).'),
       ('Création d''un compte épargne logement',
        'Une pièce d''identité valide (CNI, Passeports, ...), un justificatif de revenus de moins de 3 mois et un justificatif de domicile de moins de 12 mois.'),
       ('Modification d''un compte épargne logement',
        'Une pièce d''identité valide (CNI, Passeports, ...).'),
       ('Suppression d''un compte épargne logement',
        'Une pièce d''identité valide (CNI, Passeports, ...).'),
       ('Création d''une assurance vie',
        'Une pièce d''identité valide (CNI, Passeports, ...), un justificatif de revenus de moins de 3 mois et un justificatif de domicile de moins de 12 mois.'),
       ('Modification d''une assurance vie',
        'Une pièce d''identité valide (CNI, Passeports, ...).'),
       ('Suppression d''une assurance vie',
        'Une pièce d''identité valide (CNI, Passeports, ...).'),
       ('Création d''un contrat de change',
        'Une pièce d''identité valide (CNI, Passeports, ...), un justificatif de revenus de moins de 3 mois et un justificatif de domicile de moins de 12 mois.'),
       ('Modification d''un contrat de change',
        'Une pièce d''identité valide (CNI, Passeports, ...).'),
       ('Suppression d''un contrat de change',
        'Une pièce d''identité valide (CNI, Passeports, ...).'),
       ('Création d''une assurance automobile',
        'Une pièce d''identité valide (CNI, Passeports, ...), un justificatif de revenus de moins de 3 mois et un justificatif de domicile de moins de 12 mois.'),
       ('Modification d''une assurance automobile',
        'Une pièce d''identité valide (CNI, Passeports, ...).'),
       ('Suppression d''une assurance automobile',
        'Une pièce d''identité valide (CNI, Passeports, ...).'),
       ('Création d''une assurance immobilière',
        'Une pièce d''identité valide (CNI, Passeports, ...), un justificatif de revenus de moins de 3 mois et un justificatif de domicile de moins de 12 mois.'),
       ('Modification d''une assurance immobilière',
        'Une pièce d''identité valide (CNI, Passeports, ...).'),
       ('Suppression d''une assurance immobilière',
        'Une pièce d''identité valide (CNI, Passeports, ...).'),
       ('Création d''un certificat de dêpot',
        'Une pièce d''identité valide (CNI, Passeports, ...), un montant à verser disponible, et un justificatif de domicile de moins de 12 mois.'),
       ('Modification d''un certificat de dêpot',
        'Une pièce d''identité valide (CNI, Passeports, ...).'),
       ('Suppression d''un certificat de dêpot',
        'Une pièce d''identité valide (CNI, Passeports, ...).');


insert into `TypeCompte` (nom)
values ('Compte Courant'),
       ('Compte Épargne'),
       ('Compte-Titres Ordinaire'),
       ('PEA'),
       ('PEL'),
       ('Livret A'),
       ('Livret Jeune'),
       ('Plan Retraite'),
       ('Compte Épargne Logement');

insert into `TypeContrat` (nom)
values ('Assurance vie'),
       ('Contrat de change'),
       ('Assurance automobile'),
       ('Assurance immobilière'),
       ('Certificat de dépôt');

insert into `Employe` (nom, prenom, login, mdp, dateEmbauche, type)
values ('Dupont', 'Jean', 'jean.dupont',
        'I"JH@s7HX2F0a7~4', '2018-01-01', 'DIRECTEUR'),
       ('Martin', 'Pierre', 'pierre.martin',
        '5PLW''R4*rd_%mO1d', '2018-01-01', 'CONSEILLER'),
       ('Durand', 'Paul', 'paul.durand',
        '`>0L5Sg9WE''wH8QR', '2018-01-01', 'CONSEILLER'),
       ('Dubois', 'Jacques', 'jacques.dubois',
        'U9$35D/hs/?,wg(a', '2018-01-01', 'CONSEILLER'),
       ('Moreau', 'Jeanne', 'jeanne.moreau',
        'K9U:B8}V''n926Ns$', '2018-01-01', 'CONSEILLER'),
       ('Lefebvre', 'Marie', 'marie.lefebvre',
        ']?U`_4>d32Z}k0^b', '2018-01-01', 'CONSEILLER'),
       ('Leroy', 'Julie', 'julie.leroy',
        'b<#w)9^7+4=Mgy0E', '2018-01-01', 'CONSEILLER'),
       ('Roux', 'Luc', 'luc.roux',
        '~4,1BZe!Q:a"p7-@', '2018-01-01', 'AGENT'),
       ('Leroux', 'Lucie', 'lucie.leroux',
        'MbhCm,0m\\g51sSo,', '2018-01-01', 'AGENT'),
       ('Fournier', 'Jean', 'jean.fournier',
        '4#hRS[5k4;dl#49^', '2018-01-01', 'AGENT');

insert into `Client` (nom, prenom, adresse, numTel, mail, profession, situation,
                      dateAjout, dateQuitte)
values ('Loiseau', 'Rico', '1 rue de la paix, 75000, Paris', '0687654321',
        'rico.loiseau@free.fr', 'Boulanger', 'Marié', '2018-01-01', null),
       ('Joly', 'Noémie', '89 boulevard de la liberté, 35000, Rennes',
        '0654987654', 'joly.noemie@gmail.com', 'Étudiant', 'Célibataire',
        '2018-01-01', null),
       ('Souidi', 'Mehdi', '23 rue Albert Einstein, 69000, Lyon', '0744765432',
        'souidi.medhi@gmail.com', 'Ingénieur', 'Marié', '2018-01-01', null),
       ('Moulin', 'Lucie', '12 avenue de la république, 45000, Orléans',
        '0678487584', 'moulin.lucie@yahoo.com', 'Comptable', 'Marié',
        '2018-01-01', null),
       ('Loiseau', 'Mélanie', '1 rue de la paix, 75000, Paris', '0687654327',
        'loiseau.melanie@free.fr', 'Chômage', 'Marié', '2018-01-01', null),
       ('Akli', 'Ange', '6 rue des fleurs, 21000, Dijon', '0663478964',
        'akli.ange@gmail.com', 'Étudiant', 'Célibataire', '2018-01-01', null),
       ('Milan', 'Léa', '4 rue des lilas, 69000, Lyon', '0724488412',
        'milan.lea@gmail.com', 'Pharmacienne', 'Divorcé', '2018-01-01', null);

insert into `Compte` (solde, decouvert, dateOuverture, dateCloture)
values (27360.43, -1000, '2018-01-01', null),
       (398654.98, -1100, '2018-01-01', null),
       (10.00, -5, '2018-01-01', null),
       (14003.07, -600, '2018-01-01', null),
       (-345.07, -350, '2018-01-01', null),
       (13074.00, -300, '2018-01-01', null),
       (540.30, 0, '2018-01-01', null),
       (894.00, 0, '2018-01-01', null),
       (789.00, -70, '2018-01-01', null);

insert into `Contrat` (tarifMensuel, dateOuverture, dateRupture)
values (54.00, '2018-01-01', null),
       (132.00, '2018-01-01', null),
       (75.00, '2018-01-01', null),
       (15.00, '2018-01-01', null),
       (3.00, '2018-01-01', null),
       (100.00, '2018-01-01', null),
       (476.00, '2018-01-01', null),
       (9.89, '2018-01-01', null),
       (3.99, '2018-01-01', null),
       (3.00, '2018-01-01', null),
       (69.00, '2018-01-01', null);

insert into `Operation` (type, valeur)
values ('DEPOT', 5),
       ('DEPOT', 5),
       ('DEPOT', 10),
       ('DEPOT', 10),
       ('DEPOT', 10),
       ('DEPOT', 10),
       ('DEPOT', 50),
       ('DEPOT', 50),
       ('DEPOT', 50),
       ('DEPOT', 100),
       ('DEPOT', 100),
       ('DEPOT', 100),
       ('DEPOT', 100),
       ('DEPOT', 100),
       ('DEPOT', 100),
       ('DEPOT', 100),
       ('DEPOT', 100),
       ('DEPOT', 500),
       ('DEPOT', 500),
       ('DEPOT', 1000),
       ('RETRAIT', 5),
       ('RETRAIT', 5),
       ('RETRAIT', 10),
       ('RETRAIT', 10),
       ('RETRAIT', 10),
       ('RETRAIT', 10),
       ('RETRAIT', 50),
       ('RETRAIT', 50),
       ('RETRAIT', 50),
       ('RETRAIT', 100),
       ('RETRAIT', 100),
       ('RETRAIT', 100),
       ('RETRAIT', 100),
       ('RETRAIT', 100),
       ('RETRAIT', 100),
       ('RETRAIT', 100),
       ('RETRAIT', 100),
       ('RETRAIT', 500),
       ('RETRAIT', 500),
       ('RETRAIT', 1000);

-- Relations

insert into `EstConseillerDe` (conseiller, client)
values (7, 1),
       (4, 2),
       (6, 3),
       (2, 4),
       (7, 5),
       (3, 6),
       (5, 7);

insert into `EstDeTypeContrat` (contrat, typeContrat)
values (1, 1),
       (2, 4),
       (3, 1),
       (4, 2),
       (5, 3),
       (6, 5),
       (7, 4),
       (8, 2),
       (9, 3),
       (10, 3),
       (11, 1);

insert into `EstDeTypeCompte` (compte, typeCompte)
values (1, 1),
       (2, 4),
       (3, 2),
       (4, 1),
       (5, 1),
       (6, 1),
       (7, 7),
       (8, 6),
       (9, 8);

insert into `AOuvert` (compte, client)
values (1, 4),
       (2, 4),
       (3, 6),
       (4, 1),
       (5, 5),
       (6, 7),
       (7, 2),
       (8, 3),
       (9, 7);

insert into `ASouscrit` (contrat, client)
values (1, 7),
       (2, 4),
       (3, 1),
       (4, 3),
       (5, 3),
       (6, 6),
       (7, 1),
       (8, 6),
       (9, 2),
       (10, 7),
       (11, 5);

insert into `EffectueeSur` (operation, compte)
values (1, 9),
       (2, 8),
       (3, 7),
       (4, 6),
       (5, 5),
       (6, 4),
       (7, 3),
       (8, 2),
       (9, 1),
       (10, 9),
       (11, 8),
       (12, 7),
       (13, 6),
       (14, 5),
       (15, 4),
       (16, 3),
       (17, 2),
       (18, 1),
       (19, 9),
       (20, 8),
       (21, 7),
       (22, 6),
       (23, 5),
       (24, 4),
       (25, 3),
       (26, 2),
       (27, 1),
       (28, 9),
       (29, 8),
       (30, 7),
       (31, 6),
       (32, 5),
       (33, 4),
       (34, 3),
       (35, 2),
       (36, 1),
       (37, 9),
       (38, 8),
       (39, 7),
       (40, 6);

insert into `AEffectue` (client, operation)
values (7, 1),
       (3, 2),
       (2, 3),
       (7, 4),
       (5, 5),
       (1, 6),
       (6, 7),
       (4, 8),
       (4, 9),
       (1, 10),
       (3, 11),
       (2, 12),
       (7, 13),
       (5, 14),
       (1, 15),
       (6, 16),
       (4, 17),
       (4, 18),
       (7, 19),
       (3, 20),
       (2, 21),
       (7, 22),
       (5, 23),
       (1, 24),
       (6, 25),
       (4, 26),
       (4, 27),
       (7, 28),
       (3, 29),
       (2, 30),
       (7, 31),
       (5, 32),
       (1, 33),
       (6, 34),
       (4, 35),
       (4, 36),
       (7, 37),
       (3, 38),
       (2, 39),
       (7, 40);

insert into `RendezVous` (horaireDebut, horaireFin)
values ('2024-01-01 08:00:00', '2024-01-01 09:00:00'),
       ('2024-01-01 08:00:00', '2024-01-01 12:00:00'),
       ('2024-01-01 14:00:00', '2024-01-01 18:00:00'),
       ('2024-01-01 10:00:00', '2024-01-01 11:00:00'),
       ('2024-01-01 14:00:00', '2024-01-01 15:00:00'),
       ('2024-01-02 08:00:00', '2024-01-02 09:00:00'),
       ('2024-01-02 10:00:00', '2024-01-02 11:00:00'),
       ('2024-01-02 14:00:00', '2024-01-02 15:00:00'),
       ('2024-01-03 08:00:00', '2024-01-03 09:00:00'),
       ('2024-01-03 10:00:00', '2024-01-03 11:00:00'),
       ('2024-01-03 14:00:00', '2024-01-03 15:00:00');

insert into `ARendezVous` (rendezVous, conseiller)
VALUES (1, 2),
       (2, 5),
       (3, 5),
       (4, 3),
       (5, 7),
       (6, 4),
       (7, 6),
       (8, 7),
       (9, 6),
       (10, 4),
       (11, 3);

insert into `APrisRendezVous` (client, rendezVous)
VALUES (4, 1),
       -- Rendez-Vous 2 et 3 sont des "Employés indispo.":wq
       (1, 4),
       (3, 5),
       (6, 6),
       (7, 7),
       (2, 8),
       (6, 9),
       (2, 10),
       (5, 11);

insert into `APourMotif` (rendezVous, motif)
VALUES (1, 2),
       (2, 1),
       (3, 1),
       (4, 2),
       (5, 15),
       (6, 4),
       (7, 8),
       (8, 8),
       (9, 21),
       (10, 11),
       (11, 20);
